time,targetY,playerY,dotStatus,score,numFishCaught,beatOffset,weight
0.1115929,0.08729115,2.327362,OnTheLine,0,0,FALSE,8
0.2645494,1.213741,2.325775,OnTheLine,0,0,FALSE,8
0.3764766,2.773955,2.351715,OnTheLine,0,0,FALSE,8
0.5013973,4.990407,5.286194,OnTheLine,0,0,FALSE,8
0.6122967,8.085726,9.077881,OnTheLine,0,0,FALSE,8
0.72335,11.29485,12.65375,OnTheLine,0,0,FALSE,8
0.8772608,16.24971,18.35312,OnTheLine,0,0,FALSE,8
0.9886814,20.11116,23.2695,OnTheLine,0,0,FALSE,8
1.114448,24.11386,29.28571,OnTheLine,40,0,FALSE,8
1.225473,28.47194,36.01901,OnTheLine,40,0,FALSE,8
1.336488,32.09997,41.4794,CloseEnough,40,0,FALSE,8
1.448451,35.50565,43.94131,CloseEnough,40,0,FALSE,8
1.559416,38.51194,43.73129,OnTheLine,40,0,FALSE,8
1.671079,41.02235,44.00482,OnTheLine,40,0,FALSE,8
1.782667,42.97319,44.23853,OnTheLine,40,0,FALSE,8
1.893935,44.27552,44.19681,OnTheLine,40,0,FALSE,8
2.0054,44.9288,44.32452,OnTheLine,40,0,FALSE,8
2.118304,44.89525,43.94443,OnTheLine,80,0,FALSE,8
2.241396,44.04714,42.8558,OnTheLine,80,0,FALSE,8
2.353038,42.58993,42.62955,OnTheLine,80,0,FALSE,8
2.464844,40.51781,40.90732,OnTheLine,80,0,FALSE,8
2.57612,37.86839,37.40063,OnTheLine,80,0,FALSE,8
2.687188,34.80251,32.01657,OnTheLine,80,0,FALSE,8
2.798779,31.33363,26.06107,OnTheLine,80,0,FALSE,8
2.910717,27.58485,21.83102,OnTheLine,80,0,FALSE,8
3.021471,23.70198,17.85132,OnTheLine,80,0,FALSE,8
3.133382,19.77299,15.05472,OnTheLine,120,0,FALSE,8
3.245076,15.88567,13.22372,OnTheLine,120,0,FALSE,8
3.355414,12.30087,10.70575,OnTheLine,120,0,FALSE,8
3.467271,8.959707,8.34729,OnTheLine,120,0,FALSE,8
3.578273,6.037136,6.363922,OnTheLine,120,0,FALSE,8
3.688924,3.575719,4.648254,OnTheLine,120,0,FALSE,8
3.79037,1.784232,4.040222,OnTheLine,120,0,FALSE,8
3.89784,0.6933162,3.315613,OnTheLine,120,0,FALSE,8
3.99873,0.05997822,2.906433,OnTheLine,120,0,FALSE,8
4.106839,0.07039189,2.730377,OnTheLine,120,0,FALSE,8
4.218471,0.7289734,2.974518,OnTheLine,160,0,FALSE,8
4.329958,2.063422,3.023407,OnTheLine,160,0,FALSE,8
4.442059,4.01475,3.867279,OnTheLine,160,0,FALSE,8
4.552614,6.518928,5.247803,OnTheLine,160,0,FALSE,8
4.663971,9.521955,7.618408,OnTheLine,160,0,FALSE,8
4.775801,12.94593,10.78516,OnTheLine,160,0,FALSE,8
4.887469,16.6035,14.57571,OnTheLine,160,0,FALSE,8
4.998783,20.5073,18.99054,OnTheLine,160,0,FALSE,8
5.110708,24.4102,22.87503,OnTheLine,160,0,FALSE,8
5.22149,28.3082,27.91806,OnTheLine,200,0,FALSE,8
5.332886,32.00093,33.11285,OnTheLine,200,0,FALSE,8
5.444752,35.4112,36.80542,OnTheLine,200,0,FALSE,8
5.556205,38.41922,39.51978,OnTheLine,200,0,FALSE,8
5.667487,40.94743,41.66229,OnTheLine,200,0,FALSE,8
5.779567,42.90395,42.50525,OnTheLine,200,0,FALSE,8
5.890193,44.24309,42.49573,OnTheLine,200,0,FALSE,8
6.001653,44.9197,42.9216,OnTheLine,200,0,FALSE,8
6.116096,44.90888,43.17822,OnTheLine,200,0,FALSE,8
6.254942,44.17093,43.04022,OnTheLine,240,0,FALSE,8
6.377832,42.35975,42.27066,OnTheLine,240,0,FALSE,8
6.490382,39.97359,39.86847,OnTheLine,240,0,FALSE,8
6.600894,37.24595,35.74878,OnTheLine,240,0,FALSE,8
6.711784,34.03309,31.83121,OnTheLine,240,0,FALSE,8
6.823553,30.51891,27.89215,OnTheLine,240,0,FALSE,8
6.934523,26.74934,23.44302,OnTheLine,240,0,FALSE,8
7.046009,22.83556,18.43552,OnTheLine,240,0,FALSE,8
7.15773,18.83258,13.84027,OnTheLine,240,0,FALSE,8
7.269037,15.11226,10.52536,OnTheLine,280,0,FALSE,8
7.380079,11.3944,8.06958,OnTheLine,280,0,FALSE,8
7.491405,8.279345,5.757965,OnTheLine,280,0,FALSE,8
7.603297,5.460145,4.111237,OnTheLine,280,0,FALSE,8
7.713917,3.164215,3.461792,OnTheLine,280,0,FALSE,8
7.826228,1.456194,3.076691,OnTheLine,280,0,FALSE,8
7.936624,0.3895828,2.178436,OnTheLine,280,0,FALSE,8
8.048625,0.001523495,1.650696,OnTheLine,280,0,FALSE,8
8.159511,0.2981798,1.970367,OnTheLine,280,0,FALSE,8
8.270688,1.268693,2.119049,OnTheLine,320,0,FALSE,8
8.381839,2.903196,2.115479,OnTheLine,320,0,FALSE,8
8.496442,5.285942,2.443817,OnTheLine,320,0,FALSE,8
8.604898,7.823745,3.955109,OnTheLine,320,0,FALSE,8
8.716145,11.07603,5.874207,CloseEnough,320,0,FALSE,8
8.829426,14.59688,9.57019,CloseEnough,320,0,FALSE,8
8.95289,18.87403,14.74051,CloseEnough,320,0,FALSE,8
9.065226,22.81964,20.47781,OnTheLine,320,0,FALSE,8
9.223413,26.79357,26.4747,OnTheLine,320,0,FALSE,8
9.407457,32.99953,35.95966,OnTheLine,360,0,FALSE,8
9.612229,35.93753,42.34595,OnTheLine,360,0,FALSE,8
9.761279,40.95359,43.97314,OnTheLine,360,0,FALSE,8
9.93786,44.4048,45.20929,OnTheLine,360,0,FALSE,8
10.07681,44.99827,45.26843,OnTheLine,360,0,FALSE,8
10.20272,44.40261,45.13699,OnTheLine,360,0,FALSE,8
10.33062,43.16111,44.62631,OnTheLine,1200,1,FALSE,8
10.48299,40.72136,40.82635,OnTheLine,1200,1,FALSE,8
10.59432,37.44089,35.25342,OnTheLine,1200,1,FALSE,8
10.70778,34.22598,30.74365,OnTheLine,1200,1,FALSE,8
10.85811,29.8012,24.87439,OnTheLine,1200,1,FALSE,8
11.00011,25.45336,20.76721,OnTheLine,1200,1,FALSE,8
11.14986,20.14456,15.57297,OnTheLine,1200,1,FALSE,8
11.28946,14.8575,11.37054,OnTheLine,1200,1,FALSE,8
11.42968,10.4457,8.199524,OnTheLine,1240,1,FALSE,8
11.56876,6.591958,6.146881,OnTheLine,1240,1,FALSE,8
11.69394,3.766438,4.902527,OnTheLine,1240,1,FALSE,8
11.81889,1.733616,3.619537,OnTheLine,1240,1,FALSE,8
11.93042,0.4243711,3.440552,OnTheLine,1240,1,FALSE,8
12.04273,0.004836023,3.424713,OnTheLine,1240,1,FALSE,8
12.15468,0.2679138,3.344543,OnTheLine,1240,1,FALSE,8
12.29234,1.389119,3.549774,OnTheLine,1240,1,FALSE,8
12.40554,3.316339,4.103424,OnTheLine,1280,1,FALSE,8
12.51843,5.609698,6.61145,OnTheLine,1280,1,FALSE,8
12.65516,8.822233,10.20129,OnTheLine,1280,1,FALSE,8
12.79618,13.13362,15.54837,OnTheLine,1280,1,FALSE,8
12.91859,17.68102,21.08459,OnTheLine,1280,1,FALSE,8
13.03119,21.62625,25.20901,OnTheLine,1280,1,FALSE,8
13.14312,25.54447,29.29803,OnTheLine,1280,1,FALSE,8
13.25328,29.39508,33.76105,OnTheLine,1280,1,FALSE,8
13.36539,33.02232,38.2088,OnTheLine,1320,1,FALSE,8
13.4764,36.32257,41.13379,OnTheLine,1320,1,FALSE,8
13.58841,39.19501,42.70096,OnTheLine,1320,1,FALSE,8
13.69934,41.56445,43.25772,OnTheLine,1320,1,FALSE,8
13.82615,43.37094,43.1734,OnTheLine,1320,1,FALSE,8
13.93636,44.60657,43.49939,OnTheLine,1320,1,FALSE,8
14.06131,44.99886,43.8537,OnTheLine,1320,1,FALSE,8
14.17335,44.61855,43.74658,OnTheLine,1320,1,FALSE,8
14.28465,43.56423,42.4216,OnTheLine,1320,1,FALSE,8
14.39664,41.86387,38.75787,OnTheLine,1360,1,FALSE,8
14.50732,39.56915,34.5625,OnTheLine,1360,1,FALSE,8
14.6182,36.75895,29.67422,OnTheLine,1360,1,FALSE,8
14.72998,33.51828,25.05643,CloseEnough,1360,1,FALSE,8
14.84129,29.91976,21.63153,CloseEnough,1360,1,FALSE,8
14.95308,26.11736,18.9541,OnTheLine,1360,1,FALSE,8
15.06428,22.1801,15.84637,OnTheLine,1360,1,FALSE,8
15.17576,18.28211,12.97559,OnTheLine,1360,1,FALSE,8
15.28677,14.50367,10.28824,OnTheLine,1360,1,FALSE,8
15.41726,10.83605,8.695313,OnTheLine,1400,1,FALSE,8
15.53418,7.189146,6.470123,OnTheLine,1400,1,FALSE,8
15.64788,4.49069,4.926788,OnTheLine,1400,1,FALSE,8
15.75963,2.404785,4.114166,OnTheLine,1400,1,FALSE,8
15.87146,0.9384285,3.337616,OnTheLine,1400,1,FALSE,8
15.98292,0.1469918,3.092499,OnTheLine,1400,1,FALSE,8
16.11979,0.08627728,3.093781,OnTheLine,1400,1,FALSE,8
16.23213,0.8731261,3.394897,OnTheLine,1400,1,FALSE,8
16.34402,2.263024,3.776062,OnTheLine,1400,1,FALSE,8
16.45494,4.283654,5.046539,OnTheLine,1440,1,FALSE,8
16.56712,6.889279,7.136444,OnTheLine,1440,1,FALSE,8
16.67817,9.912711,11.29651,OnTheLine,1440,1,FALSE,8
16.79018,13.38465,16.19446,OnTheLine,1440,1,FALSE,8
16.9012,17.08518,21.98264,OnTheLine,1440,1,FALSE,8
17.01232,21.02844,27.58624,OnTheLine,1440,1,FALSE,8
17.12356,24.9263,32.80679,OnTheLine,1440,1,FALSE,8
17.23585,28.77647,37.13422,CloseEnough,1440,1,FALSE,8
17.38819,32.93805,39.28629,OnTheLine,1440,1,FALSE,8
17.49988,36.99375,42.19476,OnTheLine,1480,1,FALSE,8
17.61172,39.73266,43.69186,OnTheLine,1480,1,FALSE,8
17.72276,41.99682,43.82089,OnTheLine,1480,1,FALSE,8
17.83411,43.66249,43.68597,OnTheLine,1480,1,FALSE,8
17.94659,44.66774,43.53528,OnTheLine,1480,1,FALSE,8
18.05831,44.99994,43.50983,OnTheLine,1480,1,FALSE,8
18.18334,44.64895,42.98007,OnTheLine,1480,1,FALSE,8
18.32287,43.24111,41.32556,OnTheLine,1480,1,FALSE,8
18.44973,41.16831,38.07526,OnTheLine,1480,1,FALSE,8
18.57137,38.28776,35.17282,OnTheLine,1520,1,FALSE,8
18.68709,34.91465,32.66672,OnTheLine,1520,1,FALSE,8
18.81182,31.31776,28.78174,OnTheLine,1520,1,FALSE,8
18.97796,26.1501,22.15012,OnTheLine,1520,1,FALSE,8
19.11719,20.86499,15.53116,OnTheLine,1520,1,FALSE,8
19.25493,16.02805,11.0282,OnTheLine,1520,1,FALSE,8
19.38441,13.72892,8.293091,OnTheLine,1520,1,FALSE,8
19.54757,7.501166,5.298065,OnTheLine,1560,1,FALSE,8
19.72842,3.664919,3.910553,OnTheLine,1560,1,FALSE,8
19.88407,0.9825562,2.506409,OnTheLine,1560,1,FALSE,8
20.04822,0.0277783,2.399597,OnTheLine,1560,1,FALSE,8
20.20165,0.4006469,2.140594,OnTheLine,1560,1,FALSE,8
20.38196,2.474725,2.807953,OnTheLine,1560,1,FALSE,8
20.50652,5.35046,6.620026,OnTheLine,1560,1,FALSE,8
20.64473,8.658621,11.27942,OnTheLine,1600,1,FALSE,8
20.78475,12.82185,18.99921,OnTheLine,1600,1,FALSE,8
20.92399,17.41006,26.71689,OnTheLine,1600,1,FALSE,8
21.04957,21.83976,32.09357,CloseEnough,1600,1,FALSE,8
21.17632,26.253,35.80743,CloseEnough,1600,1,FALSE,8
21.30126,30.91972,38.89291,CloseEnough,1600,1,FALSE,8
21.4129,34.50203,40.20825,OnTheLine,1600,1,FALSE,8
21.52379,37.56949,40.86523,OnTheLine,1600,1,FALSE,8
21.63452,40.28291,42.41998,OnTheLine,2440,2,FALSE,8
21.7465,42.40172,43.86111,OnTheLine,2440,2,FALSE,8
21.85995,43.92314,43.93576,OnTheLine,2440,2,FALSE,8
21.96833,44.78577,43.67712,OnTheLine,2440,2,FALSE,8
22.07997,44.98159,43.53021,OnTheLine,2440,2,FALSE,8
22.19204,44.49109,43.47464,OnTheLine,2440,2,FALSE,8
22.30302,43.32253,42.76251,OnTheLine,2440,2,FALSE,8
22.41492,41.50173,41.1304,OnTheLine,2440,2,FALSE,8
22.54082,39.13507,38.87497,OnTheLine,2440,2,FALSE,8
22.65285,35.82795,35.3537,OnTheLine,2480,2,FALSE,8
22.76247,32.48835,29.99591,OnTheLine,2480,2,FALSE,8
22.87493,28.82408,23.78775,OnTheLine,2480,2,FALSE,8
22.98659,24.94618,18.99066,OnTheLine,2480,2,FALSE,8
23.09692,21.0246,14.95465,OnTheLine,2480,2,FALSE,8
23.20918,17.14586,12.30991,OnTheLine,2480,2,FALSE,8
23.32036,13.42783,9.370911,OnTheLine,2480,2,FALSE,8
23.43137,9.973175,6.888,OnTheLine,2480,2,FALSE,8
23.54309,6.89876,5.528778,OnTheLine,2480,2,FALSE,8
23.65564,4.305832,4.057007,OnTheLine,2520,2,FALSE,8
23.76541,2.235267,3.359314,OnTheLine,2520,2,FALSE,8
23.87686,0.8875188,2.878723,OnTheLine,2520,2,FALSE,8
23.98947,0.1266029,2.304108,OnTheLine,2520,2,FALSE,8
24.0995,0.0545682,2.020569,OnTheLine,2520,2,FALSE,8
24.21192,0.6700346,2.513062,OnTheLine,2520,2,FALSE,8
24.32266,1.945873,3.776428,OnTheLine,2520,2,FALSE,8
24.43448,3.868087,5.355774,OnTheLine,2520,2,FALSE,8
24.54577,6.349401,8.044373,OnTheLine,2520,2,FALSE,8
24.65671,9.362187,12.64023,OnTheLine,2560,2,FALSE,8
24.76834,12.68595,18.40491,OnTheLine,2560,2,FALSE,8
24.87994,16.3482,25.58246,OnTheLine,2560,2,FALSE,8
24.99107,20.24494,32.46063,CloseEnough,2560,2,FALSE,8
25.10296,24.18666,37.71021,CloseEnough,2560,2,FALSE,8
25.21448,28.04495,41.08658,CloseEnough,2560,2,FALSE,8
25.32696,31.79038,41.95154,CloseEnough,2560,2,FALSE,8
25.43649,35.16587,41.93997,CloseEnough,2560,2,FALSE,8
25.54914,38.20922,42.57773,OnTheLine,2560,2,FALSE,8
25.67319,41.05925,43.23895,OnTheLine,2600,2,FALSE,8
25.78464,43.00803,43.53632,OnTheLine,2600,2,FALSE,8
25.89678,44.29824,43.38,OnTheLine,2600,2,FALSE,8
26.00768,44.93641,43.30652,OnTheLine,2600,2,FALSE,8
26.1349,44.88658,43.35638,OnTheLine,2600,2,FALSE,8
26.24867,43.98467,43.18286,OnTheLine,2600,2,FALSE,8
26.36685,42.40863,42.42441,OnTheLine,2600,2,FALSE,8
26.48043,40.19993,40.99646,OnTheLine,2600,2,FALSE,8
26.59249,37.48642,37.59134,OnTheLine,2600,2,FALSE,8
26.70382,34.30454,32.6936,OnTheLine,2640,2,FALSE,8
26.81527,30.7857,26.84103,OnTheLine,2640,2,FALSE,8
26.92634,27.01776,21.6803,OnTheLine,2640,2,FALSE,8
27.03795,23.11447,17.51627,OnTheLine,2640,2,FALSE,8
27.15053,19.19671,14.27026,OnTheLine,2640,2,FALSE,8
27.26017,15.33947,11.55994,OnTheLine,2640,2,FALSE,8
27.37174,11.77248,10.11713,OnTheLine,2640,2,FALSE,8
27.48279,8.504415,8.275024,OnTheLine,2640,2,FALSE,8
27.59548,5.644537,6.346191,OnTheLine,2640,2,FALSE,8
27.70593,3.311141,5.386108,OnTheLine,2680,2,FALSE,8
27.81718,1.5493,4.034943,OnTheLine,2680,2,FALSE,8
27.9288,0.4460286,3.450043,OnTheLine,2680,2,FALSE,8
28.04013,0.006080568,3.413269,OnTheLine,2680,2,FALSE,8
28.15276,0.2638637,3.108978,OnTheLine,2680,2,FALSE,8
28.27786,1.341028,3.172394,OnTheLine,2680,2,FALSE,8
28.38796,2.995604,3.551666,OnTheLine,2680,2,FALSE,8
28.501,5.247396,5.834808,OnTheLine,2680,2,FALSE,8
28.61153,8.025789,9.861267,OnTheLine,2680,2,FALSE,8
28.72208,11.24393,15.06296,OnTheLine,2720,2,FALSE,8
28.84806,14.82172,20.35233,OnTheLine,2720,2,FALSE,8
28.95914,19.0968,25.64368,OnTheLine,2720,2,FALSE,8
29.07116,23.02777,28.7662,OnTheLine,2720,2,FALSE,8
29.1821,26.95275,31.64706,OnTheLine,2720,2,FALSE,8
29.29436,30.72127,33.68976,OnTheLine,2720,2,FALSE,8
29.40446,34.25174,34.32971,OnTheLine,2720,2,FALSE,8
29.51643,37.4044,36.15659,OnTheLine,2720,2,FALSE,8
29.62834,40.10936,38.94034,OnTheLine,2720,2,FALSE,8
29.73927,42.2903,41.15088,OnTheLine,2760,2,FALSE,8
29.84938,43.8674,42.45673,OnTheLine,2760,2,FALSE,8
29.96156,44.75516,43.26962,OnTheLine,2760,2,FALSE,8
30.07275,44.99201,43.59732,OnTheLine,2760,2,FALSE,8
30.18415,44.54055,43.8364,OnTheLine,2760,2,FALSE,8
30.29589,43.41823,43.66751,OnTheLine,2760,2,FALSE,8
30.40721,41.65433,42.9136,OnTheLine,2760,2,FALSE,8
30.51821,39.29359,41.64474,OnTheLine,2760,2,FALSE,8
30.63012,36.46224,39.65906,OnTheLine,2760,2,FALSE,8
30.74133,33.17072,36.45816,OnTheLine,2800,2,FALSE,8
30.85292,29.56709,33.12747,OnTheLine,2800,2,FALSE,8
30.96707,25.72247,29.8287,OnTheLine,2800,2,FALSE,8
31.07914,21.68078,26.14386,CloseEnough,2800,2,FALSE,8
31.21366,17.31579,21.26749,CloseEnough,2800,2,FALSE,8
31.32553,13.22784,16.27057,OnTheLine,2800,2,FALSE,8
31.43688,9.825855,12.65756,OnTheLine,2800,2,FALSE,8
31.54827,6.75779,9.759521,OnTheLine,2800,2,FALSE,8
31.66106,4.207306,7.627502,OnTheLine,2800,2,FALSE,8
31.77068,2.210874,6.121216,OnTheLine,2840,2,FALSE,8
31.88246,0.8184426,4.891479,OnTheLine,2840,2,FALSE,8
31.99444,0.1073058,4.521515,OnTheLine,2840,2,FALSE,8
152.0874,0.000858307,0.7381287,OnTheLine,2880,2,FALSE,8
152.1992,0.4120396,0.4760742,OnTheLine,2880,2,FALSE,8
152.3105,1.479423,0.6785889,OnTheLine,2880,2,FALSE,8
152.4222,3.1922,2.082733,OnTheLine,2880,2,FALSE,8
152.5329,5.499302,5.314301,OnTheLine,2880,2,FALSE,8
152.6861,9.488638,11.05759,OnTheLine,2880,2,FALSE,8
152.7976,12.91507,17.90558,OnTheLine,2880,2,FALSE,8
152.9502,18.01818,29.85144,CloseEnough,2880,2,FALSE,8
153.0628,21.9537,37.09155,CloseEnough,2880,2,FALSE,8
153.1741,25.91666,41.8826,NotOnTheLine,2880,2,FALSE,8
153.2854,29.70213,44.1033,NotOnTheLine,2880,2,FALSE,8
153.3981,33.31451,45.38434,CloseEnough,2880,2,FALSE,8
153.5087,36.56956,47.06674,CloseEnough,2880,2,FALSE,8
153.6201,39.4179,47.4762,CloseEnough,2880,2,FALSE,8
153.7316,41.75068,47.43799,OnTheLine,2880,2,FALSE,8
153.8452,43.48286,47.73523,OnTheLine,2880,2,FALSE,8
153.9846,44.68386,48.57394,OnTheLine,2880,2,FALSE,8
154.1124,44.9908,48.49872,OnTheLine,2880,2,FALSE,8
154.2339,44.33536,47.63226,OnTheLine,3720,3,FALSE,8
154.3449,43.08166,46.1319,OnTheLine,3720,3,FALSE,8
154.4622,41.02271,40.49011,OnTheLine,3720,3,FALSE,8
154.577,38.44275,34.58914,OnTheLine,3720,3,FALSE,8
154.6907,35.38977,28.47235,OnTheLine,3720,3,FALSE,8
154.8023,31.9483,23.67078,OnTheLine,3720,3,FALSE,8
154.9139,28.25086,19.77838,CloseEnough,3720,3,FALSE,8
155.0255,24.36559,15.95679,CloseEnough,3720,3,FALSE,8
155.1368,20.43574,13.03397,CloseEnough,3720,3,FALSE,8
155.2482,16.55635,10.74762,OnTheLine,3760,3,FALSE,8
155.3599,12.87568,8.764984,OnTheLine,3760,3,FALSE,8
155.4709,9.486787,7.275208,OnTheLine,3760,3,FALSE,8
155.5827,6.48879,5.905029,OnTheLine,3760,3,FALSE,8
155.7081,3.97763,5.024292,OnTheLine,3760,3,FALSE,8
155.8201,1.840992,4.914185,OnTheLine,3760,3,FALSE,8
155.9307,0.6063992,4.644653,OnTheLine,3760,3,FALSE,8
156.0416,0.036989,4.645081,OnTheLine,3760,3,FALSE,8
156.1533,0.1542096,4.729858,OnTheLine,3760,3,FALSE,8
156.2645,0.9572992,4.627594,OnTheLine,3800,3,FALSE,8
156.3765,2.421087,5.451324,OnTheLine,3800,3,FALSE,8
156.4874,4.48213,7.22464,OnTheLine,3800,3,FALSE,8
156.5988,7.110041,9.498291,OnTheLine,3800,3,FALSE,8
156.7106,10.21019,13.94461,OnTheLine,3800,3,FALSE,8
156.8212,13.67506,17.9567,OnTheLine,3800,3,FALSE,8
156.9329,17.40291,22.15768,OnTheLine,3800,3,FALSE,8
157.0445,21.30547,26.55603,OnTheLine,3800,3,FALSE,8
157.1557,25.25373,31.68097,OnTheLine,3800,3,FALSE,8
157.2671,29.08152,37.23364,OnTheLine,3840,3,FALSE,8
157.3781,32.72346,41.01859,CloseEnough,3840,3,FALSE,8
157.4896,36.07502,43.29556,CloseEnough,3840,3,FALSE,8
157.6013,38.97082,43.9631,OnTheLine,3840,3,FALSE,8
157.7126,41.39262,45.01685,OnTheLine,3840,3,FALSE,8
157.825,43.22682,46.1041,OnTheLine,3840,3,FALSE,8
157.9347,44.43314,45.86694,OnTheLine,3840,3,FALSE,8
158.0468,44.97251,45.82568,OnTheLine,3840,3,FALSE,8
158.158,44.82201,45.67365,OnTheLine,3840,3,FALSE,8
158.2696,43.99675,44.78339,OnTheLine,3880,3,FALSE,8
158.3808,42.50795,42.95184,OnTheLine,3880,3,FALSE,8
158.4935,40.40557,40.31134,OnTheLine,3880,3,FALSE,8
158.6045,37.76821,37.10565,OnTheLine,3880,3,FALSE,8
158.7149,34.6657,33.10428,OnTheLine,3880,3,FALSE,8
158.8264,31.17492,29.9722,OnTheLine,3880,3,FALSE,8
158.9372,27.43666,26.49997,OnTheLine,3880,3,FALSE,8
159.0495,23.5098,22.85959,OnTheLine,3880,3,FALSE,8
159.1612,19.61168,19.74194,OnTheLine,3880,3,FALSE,8
159.2716,15.7585,15.38049,OnTheLine,3920,3,FALSE,8
159.3831,12.12677,11.84259,OnTheLine,3920,3,FALSE,8
159.4948,8.806944,9.171204,OnTheLine,3920,3,FALSE,8
159.6062,5.90341,7.468445,OnTheLine,3920,3,FALSE,8
159.7173,3.518534,6.10675,OnTheLine,3920,3,FALSE,8
159.8176,1.707864,4.937042,OnTheLine,3920,3,FALSE,8
159.9209,0.6001014,3.846161,OnTheLine,3920,3,FALSE,8
160.077,0.000135452,3.948151,OnTheLine,3920,3,FALSE,8
160.1905,0.3464891,3.947784,OnTheLine,3920,3,FALSE,8
160.3035,1.365431,4.093719,OnTheLine,3960,3,FALSE,8
160.4127,3.036243,6.400269,OnTheLine,3960,3,FALSE,8
160.5241,5.291255,8.812988,OnTheLine,3960,3,FALSE,8
160.6371,8.089697,13.30664,OnTheLine,3960,3,FALSE,8
160.7475,11.31128,19.49359,OnTheLine,3960,3,FALSE,8
160.8586,14.89947,24.7691,CloseEnough,3960,3,FALSE,8
160.9705,18.69832,30.2121,CloseEnough,3960,3,FALSE,8
161.0816,22.61823,34.70294,CloseEnough,3960,3,FALSE,8
161.1939,26.5354,37.50739,CloseEnough,3960,3,FALSE,8
161.3043,30.32253,40.71365,CloseEnough,3984,3,FALSE,8
161.4161,33.87871,43.29559,CloseEnough,3984,3,FALSE,8
161.5276,37.07905,44.03702,CloseEnough,3984,3,FALSE,8
161.6382,39.84997,44.32178,OnTheLine,3984,3,FALSE,8
161.7502,42.08503,44.61844,OnTheLine,3984,3,FALSE,8
161.8614,43.71181,44.8385,OnTheLine,3984,3,FALSE,8
161.9728,44.69016,44.77429,OnTheLine,3984,3,FALSE,8
162.0842,44.99899,44.55154,OnTheLine,3984,3,FALSE,8
162.1958,44.61967,44.28101,OnTheLine,3984,3,FALSE,8
162.3073,43.55883,44.33527,OnTheLine,4024,3,FALSE,8
162.4181,41.85144,44.02792,OnTheLine,4024,3,FALSE,8
162.5306,39.57995,42.29825,OnTheLine,4024,3,FALSE,8
162.6418,36.77523,38.94339,OnTheLine,4024,3,FALSE,8
162.7529,33.51171,33.84546,OnTheLine,4024,3,FALSE,8
162.8638,29.91465,28.8526,OnTheLine,4024,3,FALSE,8
162.9754,26.11736,24.93408,OnTheLine,4024,3,FALSE,8
163.0869,22.18508,20.86636,OnTheLine,4024,3,FALSE,8
163.1987,18.29452,17.30539,OnTheLine,4024,3,FALSE,8
163.3099,14.48063,14.09253,OnTheLine,4064,3,FALSE,8
163.4211,10.97013,10.54053,OnTheLine,4064,3,FALSE,8
163.5328,7.783082,7.946686,OnTheLine,4064,3,FALSE,8
163.6437,5.038864,6.715424,OnTheLine,4064,3,FALSE,8
163.7551,2.834442,5.867554,OnTheLine,4064,3,FALSE,8
163.8666,1.221249,5.151642,OnTheLine,4064,3,FALSE,8
163.9786,0.2784348,4.275299,OnTheLine,4064,3,FALSE,8
164.0893,0.003376901,4.270691,OnTheLine,4064,3,FALSE,8
164.2014,0.4120262,4.122284,OnTheLine,4064,3,FALSE,8
164.3125,1.498067,3.989594,OnTheLine,4104,3,FALSE,8
164.4231,3.258019,4.714264,OnTheLine,4104,3,FALSE,8
164.5346,5.533306,5.722076,OnTheLine,4104,3,FALSE,8
164.6465,8.366641,7.912384,OnTheLine,4104,3,FALSE,8
164.7577,11.65733,12.42505,OnTheLine,4104,3,FALSE,8
164.8696,15.21928,17.22247,OnTheLine,4104,3,FALSE,8
164.9804,19.06057,22.42856,OnTheLine,4104,3,FALSE,8
165.0919,22.99068,27.59628,OnTheLine,4104,3,FALSE,8
165.2065,26.8988,32.86206,OnTheLine,4104,3,FALSE,8
165.332,30.78165,37.50238,OnTheLine,4944,4,FALSE,8
165.4536,34.68664,41.30807,OnTheLine,4944,4,FALSE,8
165.5654,38.06976,43.31143,OnTheLine,4944,4,FALSE,8
165.6763,40.68061,43.18286,OnTheLine,4944,4,FALSE,8
165.7781,42.52276,43.22351,OnTheLine,4944,4,FALSE,8
165.8825,43.92062,44.10718,OnTheLine,4944,4,FALSE,8
165.996,44.80617,44.55734,OnTheLine,4944,4,FALSE,8
166.1074,44.97496,44.328,OnTheLine,4944,4,FALSE,8
166.2189,44.45757,44.33749,OnTheLine,4944,4,FALSE,8
166.331,43.25406,43.29715,OnTheLine,4984,4,FALSE,8
166.4419,41.41937,40.21194,OnTheLine,4984,4,FALSE,8
166.5538,39.0218,36.11908,OnTheLine,4984,4,FALSE,8
166.6655,36.10249,31.73648,OnTheLine,4984,4,FALSE,8
166.776,32.7689,27.47656,OnTheLine,4984,4,FALSE,8
166.8878,29.13276,23.71942,OnTheLine,4984,4,FALSE,8
166.9991,25.29217,20.12766,OnTheLine,4984,4,FALSE,8
167.1101,21.36036,15.63593,OnTheLine,4984,4,FALSE,8
167.2216,17.47663,11.93744,OnTheLine,4984,4,FALSE,8
167.3331,13.741,8.908997,OnTheLine,5024,4,FALSE,8
167.4438,10.27438,7.237335,OnTheLine,5024,4,FALSE,8
167.5559,7.168246,5.922028,OnTheLine,5024,4,FALSE,8
167.6667,4.532722,4.800079,OnTheLine,5024,4,FALSE,8
167.7785,2.448862,4.121338,OnTheLine,5024,4,FALSE,8
167.89,0.982237,4.064758,OnTheLine,5024,4,FALSE,8
168.001,0.1648928,3.575378,OnTheLine,5024,4,FALSE,8
168.1129,0.03318563,3.769684,OnTheLine,5024,4,FALSE,8
168.2246,0.5876948,3.781372,OnTheLine,5024,4,FALSE,8
168.3354,1.807688,3.718781,OnTheLine,5064,4,FALSE,8
168.4376,3.470391,4.731873,OnTheLine,5064,4,FALSE,8
168.5835,6.723318,7.603851,OnTheLine,5064,4,FALSE,8
168.6966,9.778226,10.61182,OnTheLine,5064,4,FALSE,8
168.8089,13.24726,14.69641,OnTheLine,5064,4,FALSE,8
168.92,16.9566,19.47571,OnTheLine,5064,4,FALSE,8
169.0738,22.29083,26.67252,OnTheLine,5064,4,FALSE,8
169.1845,26.2483,31.95663,OnTheLine,5064,4,FALSE,8
169.2963,30.05867,35.71307,OnTheLine,5064,4,FALSE,8
169.4086,33.61762,37.88718,OnTheLine,5104,4,FALSE,8
169.5188,36.86848,38.91345,OnTheLine,5104,4,FALSE,8
169.6309,39.66365,40.22742,OnTheLine,5104,4,FALSE,8
169.7422,41.92529,41.71051,OnTheLine,5104,4,FALSE,8
169.854,43.61075,43.37653,OnTheLine,5104,4,FALSE,8
169.9646,44.6454,44.59451,OnTheLine,5104,4,FALSE,8
170.0767,44.9999,44.71616,OnTheLine,5104,4,FALSE,8
170.1883,44.66981,44.76746,OnTheLine,5104,4,FALSE,8
170.2986,43.65618,44.58801,OnTheLine,5104,4,FALSE,8
170.4016,42.19952,43.19296,OnTheLine,5144,4,FALSE,8
170.503,40.15523,38.80939,OnTheLine,5144,4,FALSE,8
170.6173,37.42466,33.62283,OnTheLine,5144,4,FALSE,8
170.7299,34.22281,28.44632,OnTheLine,5144,4,FALSE,8
170.8438,30.66988,23.04559,OnTheLine,5144,4,FALSE,8
170.9519,26.92872,18.7511,CloseEnough,5144,4,FALSE,8
171.0638,23.01196,16.55557,OnTheLine,5144,4,FALSE,8
171.1759,19.09037,12.3501,OnTheLine,5144,4,FALSE,8
171.288,15.26041,9.748291,OnTheLine,5144,4,FALSE,8
171.3981,11.63278,7.475403,OnTheLine,5184,4,FALSE,8
171.509,8.340926,6.053711,OnTheLine,5184,4,FALSE,8
171.6621,4.622727,4.882233,OnTheLine,5184,4,FALSE,8
171.7738,2.532515,3.829956,OnTheLine,5184,4,FALSE,8
171.8856,1.022177,3.902283,OnTheLine,5184,4,FALSE,8
171.9967,0.1800741,3.763733,OnTheLine,5184,4,FALSE,8
172.1085,0.02544343,3.703247,OnTheLine,5184,4,FALSE,8
172.2204,0.5505931,4.020569,OnTheLine,5184,4,FALSE,8
172.3314,1.75654,4.374329,OnTheLine,5184,4,FALSE,8
172.4425,3.603038,5.298615,OnTheLine,5224,4,FALSE,8
172.5547,5.990033,6.102814,OnTheLine,5224,4,FALSE,8
172.6654,8.89784,9.674408,OnTheLine,5224,4,FALSE,8
172.7771,12.25599,13.92386,OnTheLine,5224,4,FALSE,8
172.8881,15.91238,20.86862,OnTheLine,5224,4,FALSE,8
172.9997,19.74867,28.42844,OnTheLine,5224,4,FALSE,8
173.1112,23.65236,33.9473,CloseEnough,5224,4,FALSE,8
173.223,27.56695,37.84015,CloseEnough,5224,4,FALSE,8
173.334,31.31497,39.65198,CloseEnough,5224,4,FALSE,8
173.4464,34.78885,39.9425,OnTheLine,5264,4,FALSE,8
173.5571,37.86486,40.71741,OnTheLine,5264,4,FALSE,8
173.668,40.49737,42.35193,OnTheLine,5264,4,FALSE,8
173.7809,42.56811,43.81995,OnTheLine,5264,4,FALSE,8
173.8909,44.02838,44.36923,OnTheLine,5264,4,FALSE,8
174.0025,44.84144,44.46982,OnTheLine,5264,4,FALSE,8
174.1137,44.96452,44.38666,OnTheLine,5264,4,FALSE,8
174.2269,44.40206,44.46506,OnTheLine,5264,4,FALSE,8
174.3369,43.17968,43.83185,OnTheLine,5264,4,FALSE,8
174.4496,41.29811,41.90851,OnTheLine,5304,4,FALSE,8
174.5598,38.88447,38.71506,OnTheLine,5304,4,FALSE,8
174.6715,35.9448,34.54596,OnTheLine,5304,4,FALSE,8
174.782,32.59826,29.37375,OnTheLine,5304,4,FALSE,8
174.894,28.93532,23.65274,OnTheLine,5304,4,FALSE,8
175.0057,25.08972,19.49979,OnTheLine,5304,4,FALSE,8
175.1163,21.1599,16.4386,OnTheLine,5304,4,FALSE,8
175.228,17.2501,12.85907,OnTheLine,5304,4,FALSE,8
175.3391,13.53635,10.724,OnTheLine,5304,4,FALSE,8
175.4509,10.0721,9.247314,OnTheLine,5344,4,FALSE,8
175.5619,7.010139,8.094666,OnTheLine,5344,4,FALSE,8
175.6735,4.389599,7.241577,OnTheLine,5344,4,FALSE,8
175.7841,2.338241,6.473816,OnTheLine,5344,4,FALSE,8
175.8956,0.9227698,5.846344,OnTheLine,5344,4,FALSE,8
176.0074,0.1391838,5.057953,OnTheLine,5344,4,FALSE,8
176.119,0.04634321,4.865448,OnTheLine,5344,4,FALSE,8
176.2307,0.6397994,4.781891,OnTheLine,5344,4,FALSE,8
176.3408,1.890125,4.624542,OnTheLine,5344,4,FALSE,8
176.4522,3.786859,4.819794,OnTheLine,5384,4,FALSE,8
176.5641,6.258348,5.789063,OnTheLine,5384,4,FALSE,8
176.6759,9.187449,6.988708,OnTheLine,5384,4,FALSE,8
176.7869,12.54671,9.919647,OnTheLine,5384,4,FALSE,8
176.9019,16.33979,14.33173,OnTheLine,5384,4,FALSE,8
177.0135,20.17666,20.42984,OnTheLine,5384,4,FALSE,8
177.1359,24.51864,27.16751,OnTheLine,5384,4,FALSE,8
177.2464,28.36446,31.57458,OnTheLine,5384,4,FALSE,8
177.3581,32.07425,35.05115,OnTheLine,5384,4,FALSE,8
177.4706,35.46938,38.60507,OnTheLine,6224,5,FALSE,8
177.5809,38.45908,40.76056,OnTheLine,6224,5,FALSE,8
177.6919,41.00788,41.35114,OnTheLine,6224,5,FALSE,8
177.8037,42.94555,42.11935,OnTheLine,6224,5,FALSE,8
177.9157,44.265,43.59055,OnTheLine,6224,5,FALSE,8
178.0263,44.92488,43.96347,OnTheLine,6224,5,FALSE,8
178.1373,44.89897,43.68631,OnTheLine,6224,5,FALSE,8
178.2506,44.19503,43.7348,OnTheLine,6224,5,FALSE,8
178.3592,42.83992,43.16391,OnTheLine,6224,5,FALSE,8
178.4705,40.84231,39.76453,OnTheLine,6264,5,FALSE,8
178.5818,38.29968,35.86517,OnTheLine,6264,5,FALSE,8
178.6941,35.29198,32.2334,OnTheLine,6264,5,FALSE,8
178.8044,31.86774,27.92139,OnTheLine,6264,5,FALSE,8
178.9165,28.16443,23.69031,OnTheLine,6264,5,FALSE,8
179.0281,24.29955,20.13126,OnTheLine,6264,5,FALSE,8
179.1392,20.32216,17.15704,OnTheLine,6264,5,FALSE,8
179.2523,16.48662,14.45978,OnTheLine,6264,5,FALSE,8
179.3613,12.80959,12.20969,OnTheLine,6264,5,FALSE,8
179.4734,9.400214,10.19705,OnTheLine,6304,5,FALSE,8
179.5851,6.439586,8.900543,OnTheLine,6304,5,FALSE,8
179.696,3.943999,7.685608,OnTheLine,6304,5,FALSE,8
179.8074,1.994774,6.328217,OnTheLine,6304,5,FALSE,8
179.9191,0.7044393,5.446259,OnTheLine,6304,5,FALSE,8
180.0296,0.06389156,4.382416,OnTheLine,6304,5,FALSE,8
180.1409,0.1136841,3.719147,OnTheLine,6304,5,FALSE,8
180.2534,0.8367875,3.67688,OnTheLine,6304,5,FALSE,8
180.3642,2.225694,4.048126,OnTheLine,6304,5,FALSE,8
180.4753,4.244464,5.875824,OnTheLine,6344,5,FALSE,8
180.5868,6.81014,8.651367,OnTheLine,6344,5,FALSE,8
180.6987,9.839017,14.45856,OnTheLine,6344,5,FALSE,8
180.8097,13.27844,19.46667,OnTheLine,6344,5,FALSE,8
180.9207,17.00105,23.62885,OnTheLine,6344,5,FALSE,8
181.0317,20.88708,28.42102,OnTheLine,6344,5,FALSE,8
181.1438,24.81215,32.4317,OnTheLine,6344,5,FALSE,8
181.255,28.65925,33.26328,OnTheLine,6344,5,FALSE,8
181.3665,32.34433,32.72614,OnTheLine,6344,5,FALSE,8
181.4775,35.72467,33.81561,OnTheLine,6384,5,FALSE,8
181.5899,38.6683,35.50266,OnTheLine,6384,5,FALSE,8
181.7003,41.15504,38.4231,OnTheLine,6384,5,FALSE,8
181.8113,43.07468,41.43747,OnTheLine,6384,5,FALSE,8
181.9249,44.33385,43.41479,OnTheLine,6384,5,FALSE,8
182.0346,44.94712,44.55896,OnTheLine,6384,5,FALSE,8
182.1463,44.8707,45.02512,OnTheLine,6384,5,FALSE,8
182.2582,44.11052,45.21466,OnTheLine,6384,5,FALSE,8
182.3692,42.69363,44.81091,OnTheLine,6384,5,FALSE,8
182.4805,40.65535,43.35837,OnTheLine,6424,5,FALSE,8
182.592,38.0673,39.33078,OnTheLine,6424,5,FALSE,8
182.7036,35.00268,34.5777,OnTheLine,6424,5,FALSE,8
182.8144,31.57697,30.63004,OnTheLine,6424,5,FALSE,8
182.9256,27.85362,26.90182,OnTheLine,6424,5,FALSE,8
183.037,23.92917,22.40491,OnTheLine,6424,5,FALSE,8
183.1478,20.04119,19.05499,OnTheLine,6424,5,FALSE,8
183.2481,16.19645,16.2449,OnTheLine,6424,5,FALSE,8
183.3568,12.9847,13.36435,OnTheLine,6424,5,FALSE,8
183.4686,9.578814,10.70035,OnTheLine,6424,5,FALSE,8
183.5805,6.563577,8.92511,OnTheLine,6464,5,FALSE,8
183.6914,4.030842,7.181,OnTheLine,6464,5,FALSE,8
183.8025,2.071579,5.681763,OnTheLine,6464,5,FALSE,8
183.9137,0.7541232,4.5495,OnTheLine,6464,5,FALSE,8
184.0252,0.07823467,4.049194,OnTheLine,6464,5,FALSE,8
304.0621,0.07823467,2.605194,OnTheLine,6504,5,FALSE,8
304.2096,0.3139311,2.600372,OnTheLine,6504,5,FALSE,8
304.3246,1.340116,2.765198,OnTheLine,6504,5,FALSE,8
304.4373,3.037681,4.36676,OnTheLine,6504,5,FALSE,8
304.5904,6.325859,5.518585,OnTheLine,6504,5,FALSE,8
304.7026,9.288704,7.523682,OnTheLine,6504,5,FALSE,8
304.8141,12.68168,10.99109,OnTheLine,6504,5,FALSE,8
304.9256,16.35413,15.60376,OnTheLine,6504,5,FALSE,8
305.0376,20.21839,22.42783,OnTheLine,6504,5,FALSE,8
305.1483,24.15196,28.72791,OnTheLine,6544,5,FALSE,8
305.26,28.03745,33.65878,OnTheLine,6544,5,FALSE,8
305.3725,31.76373,37.97968,OnTheLine,6544,5,FALSE,8
305.4825,35.18888,40.88095,OnTheLine,6544,5,FALSE,8
305.5947,38.22819,42.78513,OnTheLine,6544,5,FALSE,8
305.7053,40.7896,44.36185,OnTheLine,6544,5,FALSE,8
305.8168,42.7875,44.99408,OnTheLine,6544,5,FALSE,8
305.9294,44.17385,45.03922,OnTheLine,6544,5,FALSE,8
306.04,44.89397,44.34262,OnTheLine,6544,5,FALSE,8
306.1512,44.93217,43.5426,OnTheLine,6584,5,FALSE,8
306.2635,44.27842,43.0542,OnTheLine,6584,5,FALSE,8
306.3748,42.96688,43.11011,OnTheLine,6584,5,FALSE,8
306.4853,41.03133,43.51935,OnTheLine,6584,5,FALSE,8
306.5968,38.52674,42.08441,OnTheLine,6584,5,FALSE,8
306.7083,35.54502,36.16449,OnTheLine,6584,5,FALSE,8
306.8194,32.1493,27.81766,OnTheLine,6584,5,FALSE,8
306.9306,28.45014,22.11432,OnTheLine,6584,5,FALSE,8
307.0422,24.58409,17.47763,OnTheLine,6584,5,FALSE,8
307.1531,20.66344,13.62442,OnTheLine,6624,5,FALSE,8
307.2651,16.77711,11.05573,OnTheLine,6624,5,FALSE,8
307.3771,13.08065,8.290131,OnTheLine,6624,5,FALSE,8
307.4878,9.678728,6.466125,OnTheLine,6624,5,FALSE,8
307.5989,6.635646,5.212219,OnTheLine,6624,5,FALSE,8
307.7108,4.110473,4.444,OnTheLine,6624,5,FALSE,8
307.8224,2.137423,3.972107,OnTheLine,6624,5,FALSE,8
307.9331,0.7822274,3.888916,OnTheLine,6624,5,FALSE,8
308.0451,0.0892894,3.929993,OnTheLine,6624,5,FALSE,8
308.156,0.08358166,3.844177,OnTheLine,6664,5,FALSE,8
308.2715,0.7620491,4.048401,OnTheLine,6664,5,FALSE,8
308.3861,2.164127,5.051422,OnTheLine,6664,5,FALSE,8
308.4894,4.248272,6.881439,OnTheLine,6664,5,FALSE,8
308.5992,6.523187,9.347778,OnTheLine,6664,5,FALSE,8
308.7119,9.540603,12.15439,OnTheLine,6664,5,FALSE,8
308.8233,12.97225,16.633,OnTheLine,6664,5,FALSE,8
308.9355,16.7047,22.05301,OnTheLine,6664,5,FALSE,8
309.0463,20.52588,27.57626,OnTheLine,6664,5,FALSE,8
309.1581,24.4943,32.90012,OnTheLine,6704,5,FALSE,8
309.2694,28.34287,36.93668,CloseEnough,6704,5,FALSE,8
309.3808,32.03186,39.69016,CloseEnough,6704,5,FALSE,8
309.4919,35.44894,41.82782,OnTheLine,6704,5,FALSE,8
309.6037,38.45605,45.56955,OnTheLine,6704,5,FALSE,8
309.7149,40.97618,46.94858,OnTheLine,6704,5,FALSE,8
309.826,42.93866,46.8118,OnTheLine,6704,5,FALSE,8
309.9375,44.26034,47.28726,OnTheLine,6704,5,FALSE,8
310.0493,44.92287,47.47946,OnTheLine,6704,5,FALSE,8
310.1604,44.90213,47.13358,OnTheLine,7544,6,FALSE,8
310.2723,44.19865,45.65314,OnTheLine,7544,6,FALSE,8
310.3838,42.83525,45.79517,OnTheLine,7544,6,FALSE,8
310.4948,40.84553,44.09644,OnTheLine,7544,6,FALSE,8
310.6062,38.2928,38.85501,OnTheLine,7544,6,FALSE,8
310.7175,35.25088,33.03989,OnTheLine,7544,6,FALSE,8
310.8291,31.83991,28.65314,OnTheLine,7544,6,FALSE,8
310.9403,28.13467,24.43048,OnTheLine,7544,6,FALSE,8
311.0514,24.264,19.25409,OnTheLine,7544,6,FALSE,8
311.163,20.32675,14.7402,OnTheLine,7584,6,FALSE,8
311.2777,16.36363,11.44727,OnTheLine,7584,6,FALSE,8
311.3896,12.67265,8.756531,OnTheLine,7584,6,FALSE,8
311.5106,8.962655,6.15741,OnTheLine,7584,6,FALSE,8
311.6222,6.065937,4.303497,OnTheLine,7584,6,FALSE,8
311.7343,3.650131,3.376312,OnTheLine,7584,6,FALSE,8
311.8453,1.801129,3.409973,OnTheLine,7584,6,FALSE,8
311.957,0.5748068,3.473633,OnTheLine,7584,6,FALSE,8
312.0676,0.03127858,4.019165,OnTheLine,7584,6,FALSE,8
312.1797,0.1684253,4.300964,OnTheLine,7624,6,FALSE,8
312.2917,0.9891008,4.70105,OnTheLine,7624,6,FALSE,8
312.4021,2.455346,5.026733,OnTheLine,7624,6,FALSE,8
312.5141,4.544892,6.261597,OnTheLine,7624,6,FALSE,8
312.6253,7.189708,7.813141,OnTheLine,7624,6,FALSE,8
312.7363,10.27805,11.7312,OnTheLine,7624,6,FALSE,8
312.8475,13.77214,17.04953,OnTheLine,7624,6,FALSE,8
312.9588,17.52978,24.35944,OnTheLine,7624,6,FALSE,8
313.0709,21.38398,35.63248,CloseEnough,7624,6,FALSE,8
313.182,25.35032,44.27176,NotOnTheLine,7624,6,FALSE,8
313.2937,29.16379,48.54584,NotOnTheLine,7624,6,FALSE,8
313.4056,32.79692,47.99539,NotOnTheLine,7624,6,FALSE,8
313.5165,36.12872,46.92963,CloseEnough,7624,6,FALSE,8
313.628,39.04091,46.4985,CloseEnough,7624,6,FALSE,8
313.7392,41.44604,46.39359,OnTheLine,7624,6,FALSE,8
313.8513,43.27615,46.32492,OnTheLine,7624,6,FALSE,8
313.9615,44.45994,46.16794,OnTheLine,7624,6,FALSE,8
314.0753,44.97787,45.70096,OnTheLine,7624,6,FALSE,8
314.1841,44.81221,44.4805,OnTheLine,7664,6,FALSE,8
314.2958,43.96347,41.48325,OnTheLine,7664,6,FALSE,8
314.4085,42.46039,36.91727,OnTheLine,7664,6,FALSE,8
314.5183,40.34826,31.98782,OnTheLine,7664,6,FALSE,8
314.6307,37.67974,26.89093,CloseEnough,7664,6,FALSE,8
314.7407,34.56643,22.88751,CloseEnough,7664,6,FALSE,8
314.8525,31.08044,20.30914,CloseEnough,7664,6,FALSE,8
314.9646,27.32807,18.53998,CloseEnough,7664,6,FALSE,8
315.0753,23.41333,16.38187,OnTheLine,7664,6,FALSE,8
315.1872,19.49225,14.06735,OnTheLine,7704,6,FALSE,8
315.2982,15.65665,12.11966,OnTheLine,7704,6,FALSE,8
315.4099,12.03421,10.31818,OnTheLine,7704,6,FALSE,8
315.5209,8.726208,8.862823,OnTheLine,7704,6,FALSE,8
315.6322,5.824615,7.608887,OnTheLine,7704,6,FALSE,8
315.7437,3.461829,6.077271,OnTheLine,7704,6,FALSE,8
315.8542,1.664328,5.07843,OnTheLine,7704,6,FALSE,8
315.9664,0.5067779,4.579468,OnTheLine,7704,6,FALSE,8
316.078,0.01619518,4.243378,OnTheLine,7704,6,FALSE,8
316.1888,0.2122647,4.303833,OnTheLine,7744,6,FALSE,8
316.3006,1.088214,5.421692,OnTheLine,7744,6,FALSE,8
316.412,2.61086,6.692169,OnTheLine,7744,6,FALSE,8
316.5231,4.760284,7.375641,OnTheLine,7744,6,FALSE,8
316.6341,7.442832,7.962616,OnTheLine,7744,6,FALSE,8
316.7462,10.57178,10.32294,OnTheLine,7744,6,FALSE,8
316.8571,14.06442,11.85999,OnTheLine,7744,6,FALSE,8
316.9682,17.83611,14.61499,OnTheLine,7744,6,FALSE,8
317.0802,21.73781,19.98962,OnTheLine,7744,6,FALSE,8
317.1916,25.65398,26.86707,OnTheLine,7784,6,FALSE,8
317.3028,29.51714,33.64725,OnTheLine,7784,6,FALSE,8
317.4608,34.45892,40.19293,OnTheLine,7784,6,FALSE,8
317.6076,38.53112,44.29105,OnTheLine,7784,6,FALSE,8
317.7194,41.04218,44.1105,OnTheLine,7784,6,FALSE,8
317.8311,42.99662,44.68741,OnTheLine,7784,6,FALSE,8
317.9433,44.30046,45.30231,OnTheLine,7784,6,FALSE,8
318.0542,44.93885,45.97214,OnTheLine,7784,6,FALSE,8
318.1663,44.88393,45.75012,OnTheLine,7784,6,FALSE,8
318.2771,44.15288,44.96524,OnTheLine,7824,6,FALSE,8
318.3884,42.74818,43.71906,OnTheLine,7824,6,FALSE,8
318.4995,40.71215,41.30859,OnTheLine,7824,6,FALSE,8
318.6117,38.17528,37.22729,OnTheLine,7824,6,FALSE,8
318.7231,35.09122,33.01627,OnTheLine,7824,6,FALSE,8
318.8339,31.68584,28.99237,OnTheLine,7824,6,FALSE,8
318.9455,27.96426,24.41241,OnTheLine,7824,6,FALSE,8
319.0577,24.06178,19.56693,OnTheLine,7824,6,FALSE,8
319.1696,20.12348,15.71179,OnTheLine,7824,6,FALSE,8
319.2805,16.29549,13.02856,OnTheLine,7864,6,FALSE,8
319.3911,12.61875,11.2576,OnTheLine,7864,6,FALSE,8
319.5016,9.203044,9.475464,OnTheLine,7864,6,FALSE,8
319.6134,6.304107,8.189911,OnTheLine,7864,6,FALSE,8
319.7249,3.830157,7.086243,OnTheLine,7864,6,FALSE,8
319.8359,1.923118,5.801086,OnTheLine,7864,6,FALSE,8
319.948,0.6563808,5.365234,OnTheLine,7864,6,FALSE,8
320.0591,0.0504899,5.156769,OnTheLine,7864,6,FALSE,8
320.1703,0.1310179,5.437988,OnTheLine,7864,6,FALSE,8
320.2817,0.8992696,5.530579,OnTheLine,7904,6,FALSE,8
320.393,2.316451,6.009186,OnTheLine,7904,6,FALSE,8
320.505,4.359743,6.49823,OnTheLine,7904,6,FALSE,8
320.6161,6.935299,5.799011,OnTheLine,7904,6,FALSE,8
320.7268,9.991676,7.42807,OnTheLine,7904,6,FALSE,8
320.8383,13.44876,10.00415,OnTheLine,7904,6,FALSE,8
320.9496,17.16456,14.07495,OnTheLine,7904,6,FALSE,8
321.0605,21.05991,20.1304,OnTheLine,7904,6,FALSE,8
321.1725,24.98544,27.32043,OnTheLine,7904,6,FALSE,8
321.2841,28.84379,35.66266,OnTheLine,7944,6,FALSE,8
321.3956,32.54316,39.51038,OnTheLine,7944,6,FALSE,8
321.5063,35.87395,43.30386,OnTheLine,7944,6,FALSE,8
321.6178,38.80663,44.3396,OnTheLine,7944,6,FALSE,8
321.7296,41.26266,45.59308,OnTheLine,7944,6,FALSE,8
321.841,43.14255,45.86487,OnTheLine,7944,6,FALSE,8
321.953,44.38273,47.3205,OnTheLine,7944,6,FALSE,8
322.0635,44.96149,47.68829,OnTheLine,7944,6,FALSE,8
322.1751,44.85055,47.25974,OnTheLine,7944,6,FALSE,8
322.2865,44.05817,47.00647,OnTheLine,8784,7,FALSE,8
322.3977,42.60032,45.18927,OnTheLine,8784,7,FALSE,8
322.5096,40.54216,42.56039,OnTheLine,8784,7,FALSE,8
322.6206,37.93267,39.79562,OnTheLine,8784,7,FALSE,8
322.7319,34.83974,35.91483,OnTheLine,8784,7,FALSE,8
322.8431,31.36713,31.03079,OnTheLine,8784,7,FALSE,8
322.9583,27.52933,26.45087,OnTheLine,8784,7,FALSE,8
323.0825,23.58849,22.17352,OnTheLine,8784,7,FALSE,8
323.2049,18.85047,17.84698,OnTheLine,8784,7,FALSE,8
323.3174,15.03124,14.80032,OnTheLine,8824,7,FALSE,8
323.4284,11.45523,12.12109,OnTheLine,8824,7,FALSE,8
323.5396,8.221457,10.09613,OnTheLine,8824,7,FALSE,8
323.6511,5.413819,8.584625,OnTheLine,8824,7,FALSE,8
323.7625,3.124533,7.522217,OnTheLine,8824,7,FALSE,8
323.8741,1.426722,6.451416,OnTheLine,8824,7,FALSE,8
323.9854,0.3777221,5.930542,OnTheLine,8824,7,FALSE,8
324.0964,0.000860989,6.021851,OnTheLine,8824,7,FALSE,8
324.2078,0.3136508,5.941284,OnTheLine,8824,7,FALSE,8
324.3194,1.29837,6.694611,OnTheLine,8864,7,FALSE,8
324.4307,2.935801,6.464966,OnTheLine,8864,7,FALSE,8
324.5424,5.179744,7.881134,OnTheLine,8864,7,FALSE,8
324.654,7.918533,10.50787,OnTheLine,8864,7,FALSE,8
324.7644,11.13109,14.32129,OnTheLine,8864,7,FALSE,8
324.8758,14.68495,20.67514,OnTheLine,8864,7,FALSE,8
324.9877,18.498,27.43924,OnTheLine,8864,7,FALSE,8
325.099,22.38949,34.00613,CloseEnough,8864,7,FALSE,8
325.2104,26.33995,39.33066,CloseEnough,8864,7,FALSE,8
325.3225,30.11981,42.32254,CloseEnough,8888,7,FALSE,8
325.4346,33.69006,43.13272,CloseEnough,8888,7,FALSE,8
325.5451,36.91768,44.1568,CloseEnough,8888,7,FALSE,8
325.6562,39.7046,44.65894,OnTheLine,8888,7,FALSE,8
325.7673,41.9798,45.37219,OnTheLine,8888,7,FALSE,8
325.8788,43.64395,46.15683,OnTheLine,8888,7,FALSE,8
325.9907,44.65638,46.39667,OnTheLine,8888,7,FALSE,8
326.1013,44.99998,46.20737,OnTheLine,8888,7,FALSE,8
326.2128,44.65455,46.28421,OnTheLine,8888,7,FALSE,8
326.325,43.62926,45.61911,OnTheLine,8928,7,FALSE,8
326.4359,41.9649,43.30173,OnTheLine,8928,7,FALSE,8
326.5474,39.68747,42.14981,OnTheLine,8928,7,FALSE,8
326.6588,36.9091,39.55011,OnTheLine,8928,7,FALSE,8
326.7697,33.69621,35.18134,OnTheLine,8928,7,FALSE,8
326.8815,30.1338,30.55811,OnTheLine,8928,7,FALSE,8
326.9928,26.33559,26.38248,OnTheLine,8928,7,FALSE,8
327.1042,22.41838,22.44119,OnTheLine,8928,7,FALSE,8
327.2151,18.50628,18.50305,OnTheLine,8928,7,FALSE,8
327.328,14.70974,15.34366,OnTheLine,8968,7,FALSE,8
327.479,9.846394,12.11627,OnTheLine,8968,7,FALSE,8
327.5906,6.881281,10.08908,OnTheLine,8968,7,FALSE,8
327.7021,4.2851,8.559265,OnTheLine,8968,7,FALSE,8
327.8139,2.260275,7.309387,OnTheLine,8968,7,FALSE,8
327.925,0.861437,6.149902,OnTheLine,8968,7,FALSE,8
328.0366,0.1165849,5.740997,OnTheLine,8968,7,FALSE,8
328.1482,0.05989373,5.501862,OnTheLine,8968,7,FALSE,8
328.2599,0.6862659,5.207458,OnTheLine,8968,7,FALSE,8
328.3703,1.980582,5.674103,OnTheLine,9008,7,FALSE,8
328.4821,3.89183,5.536255,OnTheLine,9008,7,FALSE,8
328.5928,6.369514,7.015717,OnTheLine,9008,7,FALSE,8
328.7051,9.368191,11.50232,OnTheLine,9008,7,FALSE,8
328.8156,12.73845,18.89233,OnTheLine,9008,7,FALSE,8
328.9271,16.40563,24.38028,OnTheLine,9008,7,FALSE,8
329.0382,20.27678,28.7027,CloseEnough,9008,7,FALSE,8
329.15,24.20868,30.97229,OnTheLine,9008,7,FALSE,8
329.2615,28.08446,33.33276,OnTheLine,9008,7,FALSE,8
329.373,31.81123,35.38153,OnTheLine,9048,7,FALSE,8
329.4847,35.23695,35.18414,OnTheLine,9048,7,FALSE,8
329.5959,38.26144,35.73328,OnTheLine,9048,7,FALSE,8
329.7068,40.82384,38.60672,OnTheLine,9048,7,FALSE,8
329.8185,42.81548,43.35056,OnTheLine,9048,7,FALSE,8
329.9296,44.18709,46.24484,OnTheLine,9048,7,FALSE,8
330.0413,44.90017,46.00424,OnTheLine,9048,7,FALSE,8
330.1531,44.92839,46.57184,OnTheLine,9048,7,FALSE,8
330.2639,44.27079,46.99924,OnTheLine,9048,7,FALSE,8
330.3755,42.94086,46.60672,OnTheLine,9088,7,FALSE,8
330.4871,41.00031,46.41211,OnTheLine,9088,7,FALSE,8
330.5983,38.48499,45.1489,CloseEnough,9088,7,FALSE,8
330.7095,35.49274,41.55402,CloseEnough,9088,7,FALSE,8
330.8214,32.10044,37.00577,CloseEnough,9088,7,FALSE,8
330.9324,28.40997,31.44412,OnTheLine,9088,7,FALSE,8
331.0436,24.52857,26.04163,OnTheLine,9088,7,FALSE,8
331.1556,20.6136,20.93307,OnTheLine,9088,7,FALSE,8
331.2664,16.74634,15.91946,OnTheLine,9088,7,FALSE,8
331.3777,13.03063,12.50055,OnTheLine,9128,7,FALSE,8
331.4896,9.63838,9.904205,OnTheLine,9128,7,FALSE,8
331.6017,6.620482,8.189545,OnTheLine,9128,7,FALSE,8
331.7114,4.088677,6.869995,OnTheLine,9128,7,FALSE,8
331.8233,2.121768,6.10199,OnTheLine,9128,7,FALSE,8
331.9347,0.7638261,5.774719,OnTheLine,9128,7,FALSE,8
332.046,0.08657768,5.344696,OnTheLine,9128,7,FALSE,8
332.1581,0.08479267,5.060638,OnTheLine,9128,7,FALSE,8
332.2686,0.7698825,5.0383,OnTheLine,9128,7,FALSE,8
332.3806,2.122553,5.180298,OnTheLine,9168,7,FALSE,8
332.4917,4.08503,6.216431,OnTheLine,9168,7,FALSE,8
332.6028,6.62174,6.40448,OnTheLine,9168,7,FALSE,8
332.714,9.647963,6.572327,OnTheLine,9168,7,FALSE,8
332.826,13.04684,8.637085,OnTheLine,9168,7,FALSE,8
332.9371,16.74498,11.1019,CloseEnough,9168,7,FALSE,8
333.0489,20.62997,12.59848,CloseEnough,9168,7,FALSE,8
333.149,24.54066,13.68793,CloseEnough,9168,7,FALSE,8
333.257,27.92175,17.16724,NotOnTheLine,9168,7,FALSE,8
333.3691,31.66741,23.13657,CloseEnough,9192,7,FALSE,8
333.4809,35.13271,31.78531,CloseEnough,9192,7,FALSE,8
333.5931,38.17654,41.50378,OnTheLine,9192,7,FALSE,8
333.705,40.76521,46.75119,OnTheLine,9192,7,FALSE,8
333.8174,42.77336,48.32855,OnTheLine,9192,7,FALSE,8
333.929,44.16867,49.11804,OnTheLine,9192,7,FALSE,8
334.039,44.88771,49.43994,OnTheLine,9192,7,FALSE,8
334.139,44.93648,49.39673,OnTheLine,9192,7,FALSE,8
334.2417,44.38261,48.97049,OnTheLine,9192,7,FALSE,8
334.3457,43.38633,48.16013,OnTheLine,9192,7,FALSE,8
334.4698,41.37964,44.44754,OnTheLine,10032,8,FALSE,8
334.5802,38.95944,38.56555,OnTheLine,10032,8,FALSE,8
334.6917,36.00505,32.13272,OnTheLine,10032,8,FALSE,8
334.8075,32.56268,27.08566,OnTheLine,10032,8,FALSE,8
334.9182,28.88983,23.75455,OnTheLine,10032,8,FALSE,8
335.0409,24.66242,20.8526,OnTheLine,10032,8,FALSE,8
335.1652,20.22652,17.93625,OnTheLine,10032,8,FALSE,8
335.2771,16.37994,16.23804,OnTheLine,10032,8,FALSE,8
335.3883,12.7248,14.02072,OnTheLine,10032,8,FALSE,8
335.4995,9.333658,11.45844,OnTheLine,10072,8,FALSE,8
335.6108,6.354178,9.538849,OnTheLine,10072,8,FALSE,8
335.7234,3.872032,7.845459,OnTheLine,10072,8,FALSE,8
335.8333,1.963341,6.808899,OnTheLine,10072,8,FALSE,8
335.9453,0.6756163,6.063232,OnTheLine,10072,8,FALSE,8
336.0564,0.05667642,5.662933,OnTheLine,10072,8,FALSE,8
